{"Avg. F1 Score": 0.6872336157253787, "_timestamp": 1677378663.8578703, "_runtime": 12.541105270385742, "_step": 0, "_wandb": {"runtime": 12}}