{"Avg. F1 Score": 0.21321220196767343, "_timestamp": 1677437032.8455577, "_runtime": 10.07513976097107, "_step": 0, "_wandb": {"runtime": 9}}