{"Avg. F1 Score": 0.3151150261793005, "_timestamp": 1677438876.6464949, "_runtime": 5.368391752243042, "_step": 0, "_wandb": {"runtime": 5}}