{"Avg. F1 Score": 0.6573929402289953, "_timestamp": 1677437399.9043584, "_runtime": 30.958794355392456, "_step": 0, "_wandb": {"runtime": 30}}