{"Avg. F1 Score": 0.015387726109355702, "_timestamp": 1677436105.992452, "_runtime": 38.887775897979736, "_step": 0, "_wandb": {"runtime": 38}}