{"Avg. F1 Score": 0.00016435453116254596, "_timestamp": 1677433660.3451076, "_runtime": 7.2974724769592285, "_step": 0, "_wandb": {"runtime": 6}}