{"Avg. F1 Score": 0.654749940343919, "_timestamp": 1677438915.738216, "_runtime": 122.67690300941467, "_step": 0, "_wandb": {"runtime": 122}}