{"Avg. F1 Score": 0.0009012075062179592, "_timestamp": 1677441566.6057208, "_runtime": 5.3293616771698, "_step": 0, "_wandb": {"runtime": 5}}