{"Avg. F1 Score": 0.5535157596042656, "_timestamp": 1677437968.6089377, "_runtime": 38.44425082206726, "_step": 0, "_wandb": {"runtime": 38}}