{"Avg. F1 Score": 0.6576401121060795, "_timestamp": 1677435769.5889878, "_runtime": 31.252392768859863, "_step": 0, "_wandb": {"runtime": 30}}