{"Avg. F1 Score": 0.46567759728506625, "_timestamp": 1677438613.9018455, "_runtime": 16.819339513778687, "_step": 0, "_wandb": {"runtime": 16}}