{"F1 Scores": [0.8723135119510526, 0.6626442144798615, 0.6630914710643212, 0.7690132618369862, 0.5889765430904796, 0.6565955704507338], "Avg. F1 Score": 0.7021057621455725, "_timestamp": 1677359467.571863, "_runtime": 103.3021399974823, "_step": 0, "_wandb": {"runtime": 102}}