{"Avg. F1 Score": 0.4914110424033944, "_timestamp": 1677434776.3460186, "_runtime": 31.20702362060547, "_step": 0, "_wandb": {"runtime": 30}}