{"Avg. F1 Score": 0.617300497045845, "_timestamp": 1677435811.8524399, "_runtime": 32.40765380859375, "_step": 0, "_wandb": {"runtime": 32}}