{"Avg. F1 Score": 0.3041537460745651, "_timestamp": 1677381611.2146134, "_runtime": 13.154909372329712, "_step": 0, "_wandb": {"runtime": 12}}