{"Avg. F1 Score": 3.772589914320647e-05, "_timestamp": 1677439709.747781, "_runtime": 80.72071695327759, "_step": 0, "_wandb": {"runtime": 80}}