{"Avg. F1 Score": 0.6108996666586788, "_timestamp": 1677378029.9339867, "_runtime": 50.875152587890625, "_step": 0, "_wandb": {"runtime": 50}}