{"Avg. F1 Score": 5.1541176973379725e-08, "_timestamp": 1677439154.5411015, "_runtime": 21.79666543006897, "_step": 0, "_wandb": {"runtime": 21}}