{"Avg. F1 Score": 0.6337285566707648, "_timestamp": 1677437737.653616, "_runtime": 39.90998697280884, "_step": 0, "_wandb": {"runtime": 39}}