{"Avg. F1 Score": 0.664707739722605, "_timestamp": 1677436400.9499092, "_runtime": 40.63740110397339, "_step": 0, "_wandb": {"runtime": 40}}