{"Avg. F1 Score": 0.6495716917829164, "_timestamp": 1677435242.3257658, "_runtime": 40.16497278213501, "_step": 0, "_wandb": {"runtime": 39}}