{"Avg. F1 Score": 0.33132423597240696, "_timestamp": 1677439747.7709548, "_runtime": 21.42407488822937, "_step": 0, "_wandb": {"runtime": 21}}