{"Avg. F1 Score": 0.6645272528340694, "_timestamp": 1677437453.9997063, "_runtime": 39.80433630943298, "_step": 0, "_wandb": {"runtime": 39}}