{"Avg. F1 Score": 0.7662811548915115, "_timestamp": 1677377615.165537, "_runtime": 454.6966621875763, "_step": 0, "_wandb": {"runtime": 454}}