{"Avg. F1 Score": 0.7339930518208296, "_timestamp": 1677378832.3105438, "_runtime": 53.772525787353516, "_step": 0, "_wandb": {"runtime": 53}}