{"Avg. F1 Score": 0.7869807775668067, "_timestamp": 1677360678.397449, "_runtime": 754.3963000774384, "_step": 0, "_wandb": {"runtime": 754}}