{"Avg. F1 Score": 0.6643897798561647, "_timestamp": 1677436808.6764054, "_runtime": 32.53002643585205, "_step": 0, "_wandb": {"runtime": 32}}