{"Avg. F1 Score": 6.306018950133402e-10, "_timestamp": 1677438848.5709088, "_runtime": 12.551884889602661, "_step": 0, "_wandb": {"runtime": 12}}