{"Avg. F1 Score": 0.22827036009300036, "_timestamp": 1677437131.1828392, "_runtime": 9.908559083938599, "_step": 0, "_wandb": {"runtime": 9}}