{"Avg. F1 Score": 1.468626974104131e-08, "_timestamp": 1677441508.6303644, "_runtime": 8.738784313201904, "_step": 0, "_wandb": {"runtime": 12}}