{"Avg. F1 Score": 0.08264415871758632, "_timestamp": 1677434676.758176, "_runtime": 19.12654709815979, "_step": 0, "_wandb": {"runtime": 18}}