{"Avg. F1 Score": 0.6191334140306816, "_timestamp": 1677379075.3967495, "_runtime": 21.202354431152344, "_step": 0, "_wandb": {"runtime": 20}}