{"Avg. F1 Score": 0.11093381536923158, "_timestamp": 1677435447.744103, "_runtime": 85.8497679233551, "_step": 0, "_wandb": {"runtime": 85}}