{"Avg. F1 Score": 0.6725723896546509, "_timestamp": 1677379250.324337, "_runtime": 12.529484033584595, "_step": 0, "_wandb": {"runtime": 12}}