{"Avg. F1 Score": 0.0023506873514882965, "_timestamp": 1677438015.0315359, "_runtime": 11.746271848678589, "_step": 0, "_wandb": {"runtime": 11}}