{"Avg. F1 Score": 0.7982764732146809, "_timestamp": 1677378226.9558551, "_runtime": 15.498079061508179, "_step": 0, "_wandb": {"runtime": 15}}