{"Avg. F1 Score": 5.439325692037212e-09, "_timestamp": 1677438765.4709034, "_runtime": 15.99970531463623, "_step": 0, "_wandb": {"runtime": 15}}