{"Avg. F1 Score": 0.6325444049053314, "_timestamp": 1677377971.5891395, "_runtime": 28.197688579559326, "_step": 0, "_wandb": {"runtime": 27}}