{"Avg. F1 Score": 0.02856309734197449, "_timestamp": 1677438591.8247817, "_runtime": 26.02662754058838, "_step": 0, "_wandb": {"runtime": 25}}