{"Avg. F1 Score": 0.6482375217841198, "_timestamp": 1677437767.8350403, "_runtime": 23.85147523880005, "_step": 0, "_wandb": {"runtime": 23}}