{"Avg. F1 Score": 0.22905835063411029, "_timestamp": 1677433319.9149828, "_runtime": 37.47832989692688, "_step": 0, "_wandb": {"runtime": 37}}