{"Avg. F1 Score": 0.3800792938280908, "_timestamp": 1677434810.4842823, "_runtime": 24.252670288085938, "_step": 0, "_wandb": {"runtime": 23}}