{"Avg. F1 Score": 0.6705822104550646, "_timestamp": 1677378594.9931014, "_runtime": 10.357658386230469, "_step": 0, "_wandb": {"runtime": 9}}