{"Avg. F1 Score": 0.22195558099575408, "_timestamp": 1677381898.98806, "_runtime": 21.572468996047974, "_step": 0, "_wandb": {"runtime": 21}}