{"Avg. F1 Score": 0.13364208237548938, "_timestamp": 1677435051.0437853, "_runtime": 23.541917324066162, "_step": 0, "_wandb": {"runtime": 23}}