{"Avg. F1 Score": 0.5700385210458617, "_timestamp": 1677433275.5446277, "_runtime": 29.11238169670105, "_step": 0, "_wandb": {"runtime": 28}}