{"Avg. F1 Score": 0.6455560948381888, "_timestamp": 1677381459.586508, "_runtime": 8.761738061904907, "_step": 0, "_wandb": {"runtime": 8}}