{"Avg. F1 Score": 0.7231342963670121, "_timestamp": 1677359849.617362, "_runtime": 110.25247192382812, "_step": 0, "_wandb": {"runtime": 109}}