{"Avg. F1 Score": 0.6487859045470351, "_timestamp": 1677435337.238137, "_runtime": 32.62088108062744, "_step": 0, "_wandb": {"runtime": 32}}