{"Avg. F1 Score": 0.21116723602880083, "_timestamp": 1677433985.7194765, "_runtime": 10.309747457504272, "_step": 0, "_wandb": {"runtime": 9}}