{"Avg. F1 Score": 0.28530101708599703, "_timestamp": 1677436662.7457657, "_runtime": 30.346506595611572, "_step": 0, "_wandb": {"runtime": 30}}