{"Avg. F1 Score": 0.0002975011038060901, "_timestamp": 1677441531.7771676, "_runtime": 11.583635568618774, "_step": 0, "_wandb": {"runtime": 11}}