{"Avg. F1 Score": 0.6360270479937183, "_timestamp": 1677378072.1102626, "_runtime": 32.18666172027588, "_step": 0, "_wandb": {"runtime": 31}}