{"Avg. F1 Score": 2.1453469907695366e-05, "_timestamp": 1677438829.8275275, "_runtime": 39.98810148239136, "_step": 0, "_wandb": {"runtime": 39}}