{"Avg. F1 Score": 0.32891170765526695, "_timestamp": 1677433228.1392548, "_runtime": 12.709626913070679, "_step": 0, "_wandb": {"runtime": 12}}