{"Avg. F1 Score": 0.6513519150650564, "_timestamp": 1677437812.4342208, "_runtime": 38.23431086540222, "_step": 0, "_wandb": {"runtime": 37}}