{"Avg. F1 Score": 0.6999136517828005, "_timestamp": 1677379228.4832144, "_runtime": 71.12424826622009, "_step": 0, "_wandb": {"runtime": 70}}