{"Avg. F1 Score": 0.03000492841860408, "_timestamp": 1677435287.6224356, "_runtime": 39.16795253753662, "_step": 0, "_wandb": {"runtime": 38}}