{"Avg. F1 Score": 0.3621241184316913, "_timestamp": 1677435149.2696414, "_runtime": 44.40607237815857, "_step": 0, "_wandb": {"runtime": 44}}