{"Avg. F1 Score": 0.6205864595408599, "_timestamp": 1677433849.2932746, "_runtime": 61.61861968040466, "_step": 0, "_wandb": {"runtime": 61}}