{"Avg. F1 Score": 0.048526479087688666, "_timestamp": 1677433966.4515603, "_runtime": 108.3052761554718, "_step": 0, "_wandb": {"runtime": 107}}