{"Avg. F1 Score": 0.5392645617704083, "_timestamp": 1677436848.3064828, "_runtime": 31.094656705856323, "_step": 0, "_wandb": {"runtime": 30}}