{"Avg. F1 Score": 0.7613865840824693, "_timestamp": 1677379046.775195, "_runtime": 104.08371996879578, "_step": 0, "_wandb": {"runtime": 103}}