{"Avg. F1 Score": 0.5336275249531746, "_timestamp": 1677439584.8469572, "_runtime": 6.9850993156433105, "_step": 0, "_wandb": {"runtime": 6}}