{"Avg. F1 Score": 0.6775298098451074, "_timestamp": 1677378703.437114, "_runtime": 31.99577808380127, "_step": 0, "_wandb": {"runtime": 31}}