{"Avg. F1 Score": 0.00021584440148109246, "_timestamp": 1677438347.4531274, "_runtime": 12.454500436782837, "_step": 0, "_wandb": {"runtime": 12}}