{"Avg. F1 Score": 4.945621167183285e-10, "_timestamp": 1677438988.0153925, "_runtime": 44.62389349937439, "_step": 0, "_wandb": {"runtime": 44}}