{"Avg. F1 Score": 0.5797398359132123, "_timestamp": 1677437634.1353414, "_runtime": 23.799904346466064, "_step": 0, "_wandb": {"runtime": 23}}