{"Avg. F1 Score": 1.8953378466521113e-08, "_timestamp": 1677438541.3030095, "_runtime": 6.630781412124634, "_step": 0, "_wandb": {"runtime": 6}}