{"Avg. F1 Score": 0.32691517969627365, "_timestamp": 1677433712.5361018, "_runtime": 43.41971778869629, "_step": 0, "_wandb": {"runtime": 43}}