{"Avg. F1 Score": 0.33194703488971034, "_timestamp": 1677439065.405382, "_runtime": 15.429572820663452, "_step": 0, "_wandb": {"runtime": 15}}