{"Avg. F1 Score": 1.9409957949173928e-11, "_timestamp": 1677433414.0039313, "_runtime": 55.03881120681763, "_step": 0, "_wandb": {"runtime": 54}}