{"Avg. F1 Score": 0.5499721083340944, "_timestamp": 1677437072.5978065, "_runtime": 23.777411460876465, "_step": 0, "_wandb": {"runtime": 23}}