{"Avg. F1 Score": 0.6605030727892772, "_timestamp": 1677366123.9528632, "_runtime": 10.720917224884033, "_step": 0, "_wandb": {"runtime": 9}}