{"Avg. F1 Score": 0.5535293872314577, "_timestamp": 1677435689.9461584, "_runtime": 44.38506841659546, "_step": 0, "_wandb": {"runtime": 43}}