{"Avg. F1 Score": 0.6549083653993913, "_timestamp": 1677436949.1475725, "_runtime": 23.738235473632812, "_step": 0, "_wandb": {"runtime": 23}}