{"Avg. F1 Score": 0.0, "_timestamp": 1677441583.7730823, "_runtime": 7.095540285110474, "_step": 0, "_wandb": {"runtime": 6}}