{"Avg. F1 Score": 0.3104540207379977, "_timestamp": 1677439501.1951962, "_runtime": 19.520523071289062, "_step": 0, "_wandb": {"runtime": 19}}