{"Avg. F1 Score": 0.5806218261133749, "_timestamp": 1677433453.9646654, "_runtime": 32.790120363235474, "_step": 0, "_wandb": {"runtime": 32}}