{"Avg. F1 Score": 0.6639816223336997, "_timestamp": 1677435983.6951425, "_runtime": 38.927531480789185, "_step": 0, "_wandb": {"runtime": 38}}