{"Avg. F1 Score": 0.5731859289296216, "_timestamp": 1677436622.8502448, "_runtime": 31.73316764831543, "_step": 0, "_wandb": {"runtime": 31}}