{"Avg. F1 Score": 0.4719848080391473, "_timestamp": 1677435195.2755997, "_runtime": 39.18210983276367, "_step": 0, "_wandb": {"runtime": 38}}