{"Avg. F1 Score": 0.6426356071191456, "_timestamp": 1677437603.8630664, "_runtime": 24.712749481201172, "_step": 0, "_wandb": {"runtime": 24}}