{"Avg. F1 Score": 0.6633074841047851, "_timestamp": 1677436354.515604, "_runtime": 40.621050119400024, "_step": 0, "_wandb": {"runtime": 40}}