{"Avg. F1 Score": 0.6584500206899261, "_timestamp": 1677437573.124242, "_runtime": 40.16142797470093, "_step": 0, "_wandb": {"runtime": 39}}