{"Avg. F1 Score": 0.6531584854313012, "_timestamp": 1677366097.3201215, "_runtime": 10.273860454559326, "_step": 0, "_wandb": {"runtime": 9}}