{"Avg. F1 Score": 2.682955708200599e-07, "_timestamp": 1677437113.0249896, "_runtime": 32.971341609954834, "_step": 0, "_wandb": {"runtime": 32}}