{"Avg. F1 Score": 0.05041819863328171, "_timestamp": 1677434180.3209758, "_runtime": 81.27655577659607, "_step": 0, "_wandb": {"runtime": 80}}