{"Avg. F1 Score": 1.4158594302275943e-09, "_timestamp": 1677382044.6039596, "_runtime": 23.820200443267822, "_step": 0, "_wandb": {"runtime": 23}}