{"Avg. F1 Score": 0.6205864595408599, "_timestamp": 1677433781.7759094, "_runtime": 61.19890546798706, "_step": 0, "_wandb": {"runtime": 60}}