{"Avg. F1 Score": 0.6480427114322385, "_timestamp": 1677378964.1641548, "_runtime": 265.6597707271576, "_step": 0, "_wandb": {"runtime": 81}}