{"Avg. F1 Score": 0.654141681128509, "_timestamp": 1677437837.3067002, "_runtime": 16.72107434272766, "_step": 0, "_wandb": {"runtime": 16}}