{"Avg. F1 Score": 0.6609801192125532, "_timestamp": 1677436583.1886275, "_runtime": 17.164165496826172, "_step": 0, "_wandb": {"runtime": 16}}