{"Avg. F1 Score": 0.6315613716688576, "_timestamp": 1677434560.3697906, "_runtime": 31.319217443466187, "_step": 0, "_wandb": {"runtime": 31}}