{"Avg. F1 Score": 0.6830251695657213, "_timestamp": 1677379562.5508502, "_runtime": 133.2849941253662, "_step": 0, "_wandb": {"runtime": 132}}