{"Avg. F1 Score": 0.44543976524752393, "_timestamp": 1677433533.230463, "_runtime": 35.80118203163147, "_step": 0, "_wandb": {"runtime": 35}}