{"Avg. F1 Score": 0.6271650492891526, "_timestamp": 1677378855.3920414, "_runtime": 15.515767335891724, "_step": 0, "_wandb": {"runtime": 15}}