{"Avg. F1 Score": 0.5615862760746179, "_timestamp": 1677433350.7796152, "_runtime": 23.01716709136963, "_step": 0, "_wandb": {"runtime": 22}}