{"Avg. F1 Score": 0.6646555826274861, "_timestamp": 1677379456.080946, "_runtime": 379.9560489654541, "_step": 0, "_wandb": {"runtime": 379}}