{"Avg. F1 Score": 0.5927098576602013, "_timestamp": 1677433643.193256, "_runtime": 20.494886875152588, "_step": 0, "_wandb": {"runtime": 19}}