{"Avg. F1 Score": 0.5876678283563211, "_timestamp": 1677379097.5936427, "_runtime": 13.22102165222168, "_step": 0, "_wandb": {"runtime": 12}}