{"Avg. F1 Score": 0.6346010124074494, "_timestamp": 1677359732.118177, "_runtime": 197.12305998802185, "_step": 0, "_wandb": {"runtime": 196}}