{"Avg. F1 Score": 0.6582013628303102, "_timestamp": 1677436472.3644955, "_runtime": 24.68961453437805, "_step": 0, "_wandb": {"runtime": 24}}