{"Avg. F1 Score": 6.042195446165116e-06, "_timestamp": 1677434651.1798954, "_runtime": 7.603781461715698, "_step": 0, "_wandb": {"runtime": 7}}