{"Avg. F1 Score": 0.6782194198355093, "_timestamp": 1677378540.6207106, "_runtime": 23.053937673568726, "_step": 0, "_wandb": {"runtime": 22}}