{"Avg. F1 Score": 0.6610939079528118, "_timestamp": 1677439376.4534378, "_runtime": 44.829099893569946, "_step": 0, "_wandb": {"runtime": 44}}