{"Avg. F1 Score": 0.7208150095948862, "_timestamp": 1677377935.1622972, "_runtime": 23.149380207061768, "_step": 0, "_wandb": {"runtime": 22}}