{"Avg. F1 Score": 0.6014606747991281, "_timestamp": 1677437316.3767004, "_runtime": 24.831398487091064, "_step": 0, "_wandb": {"runtime": 24}}