{"Avg. F1 Score": 0.6642369698545773, "_timestamp": 1677378250.3087828, "_runtime": 8.428894758224487, "_step": 0, "_wandb": {"runtime": 8}}