{"Avg. F1 Score": 0.6642213078325945, "_timestamp": 1677379766.0390725, "_runtime": 31.79121160507202, "_step": 0, "_wandb": {"runtime": 31}}