{"Avg. F1 Score": 0.7300640439189005, "_timestamp": 1677366059.0985234, "_runtime": 23.517045259475708, "_step": 0, "_wandb": {"runtime": 23}}