{"Avg. F1 Score": 0.31365047182375183, "_timestamp": 1677439455.0513265, "_runtime": 21.033814430236816, "_step": 0, "_wandb": {"runtime": 20}}