{"Avg. F1 Score": 0.6471880218683882, "_timestamp": 1677437516.6184437, "_runtime": 9.764519691467285, "_step": 0, "_wandb": {"runtime": 9}}