{"Avg. F1 Score": 0.5529612110066232, "_timestamp": 1677436514.688945, "_runtime": 35.821645975112915, "_step": 0, "_wandb": {"runtime": 35}}