{"Avg. F1 Score": 0.6670623625086467, "_timestamp": 1677379274.4404278, "_runtime": 15.366031885147095, "_step": 0, "_wandb": {"runtime": 14}}