{"Avg. F1 Score": 0.6088508413082083, "_timestamp": 1677378506.45551, "_runtime": 71.31231594085693, "_step": 0, "_wandb": {"runtime": 70}}