{"Avg. F1 Score": 0.0015098894881410366, "_timestamp": 1677438258.1398253, "_runtime": 75.18986630439758, "_step": 0, "_wandb": {"runtime": 74}}