{"Avg. F1 Score": 0.5212660841903397, "_timestamp": 1677437012.3223622, "_runtime": 9.608535289764404, "_step": 0, "_wandb": {"runtime": 9}}