{"Avg. F1 Score": 0.14209657364614198, "_timestamp": 1677381591.8877041, "_runtime": 14.027873039245605, "_step": 0, "_wandb": {"runtime": 13}}