{"Avg. F1 Score": 0.32184861116951563, "_timestamp": 1677435580.9290733, "_runtime": 39.01808023452759, "_step": 0, "_wandb": {"runtime": 38}}