{"Avg. F1 Score": 0.022609827551011513, "_timestamp": 1677381542.2951286, "_runtime": 42.15307950973511, "_step": 0, "_wandb": {"runtime": 41}}