{"Avg. F1 Score": 0.7178925378066393, "_timestamp": 1677378103.4695566, "_runtime": 22.998863458633423, "_step": 0, "_wandb": {"runtime": 22}}