{"Avg. F1 Score": 0.000133405464832984, "_timestamp": 1677441551.3856993, "_runtime": 10.785356283187866, "_step": 0, "_wandb": {"runtime": 10}}