{"Avg. F1 Score": 1.9409957949173928e-11, "_timestamp": 1677435353.1383274, "_runtime": 7.28925633430481, "_step": 0, "_wandb": {"runtime": 6}}