{"Avg. F1 Score": 0.6635040451054696, "_timestamp": 1677436195.469748, "_runtime": 31.130872011184692, "_step": 0, "_wandb": {"runtime": 30}}