{"Avg. F1 Score": 0.7670301689530704, "_timestamp": 1677379610.2365088, "_runtime": 13.833762884140015, "_step": 0, "_wandb": {"runtime": 13}}