{"Avg. F1 Score": 0.5508635208502689, "_timestamp": 1677435895.463361, "_runtime": 38.810142993927, "_step": 0, "_wandb": {"runtime": 38}}