{"Avg. F1 Score": 0.6577309319628012, "_timestamp": 1677359915.133589, "_runtime": 57.89427614212036, "_step": 0, "_wandb": {"runtime": 57}}