{"Avg. F1 Score": 0.11546797598418264, "_timestamp": 1677433206.0070298, "_runtime": 6.6824727058410645, "_step": 0, "_wandb": {"runtime": 6}}