{"Avg. F1 Score": 0.037033189743148585, "_timestamp": 1677381726.017079, "_runtime": 107.59687113761902, "_step": 0, "_wandb": {"runtime": 107}}