{"Avg. F1 Score": 0.6678724574044644, "_timestamp": 1677378935.9077182, "_runtime": 9.355700254440308, "_step": 0, "_wandb": {"runtime": 8}}