{"Avg. F1 Score": 0.6289346520008844, "_timestamp": 1677439530.2296698, "_runtime": 19.513216733932495, "_step": 0, "_wandb": {"runtime": 19}}