{"Avg. F1 Score": 0.7306203401305975, "_timestamp": 1677378427.0556002, "_runtime": 16.249433279037476, "_step": 0, "_wandb": {"runtime": 15}}