{"Avg. F1 Score": 0.6712708142390444, "_timestamp": 1677379634.2805722, "_runtime": 17.639686107635498, "_step": 0, "_wandb": {"runtime": 17}}