{"Avg. F1 Score": 0.020726993752618408, "_timestamp": 1677439880.5605602, "_runtime": 61.127047300338745, "_step": 0, "_wandb": {"runtime": 60}}