{"Avg. F1 Score": 3.8819915898347857e-11, "_timestamp": 1677439569.3876984, "_runtime": 32.66604137420654, "_step": 0, "_wandb": {"runtime": 32}}