{"Avg. F1 Score": 0.6352428240720459, "_timestamp": 1677436757.531179, "_runtime": 16.429349899291992, "_step": 0, "_wandb": {"runtime": 16}}