{"Avg. F1 Score": 6.16768713870062e-08, "_timestamp": 1677381943.1616566, "_runtime": 35.359198570251465, "_step": 0, "_wandb": {"runtime": 34}}