{"Avg. F1 Score": 0.13554796154474968, "_timestamp": 1677434421.9382353, "_runtime": 21.116571187973022, "_step": 0, "_wandb": {"runtime": 20}}