{"Avg. F1 Score": 0.3179220205232825, "_timestamp": 1677433190.9494019, "_runtime": 12.73879885673523, "_step": 0, "_wandb": {"runtime": 12}}