{"Avg. F1 Score": 0.2491124289204797, "_timestamp": 1677434991.438002, "_runtime": 40.47656512260437, "_step": 0, "_wandb": {"runtime": 40}}