{"Avg. F1 Score": 0.6554123082687958, "_timestamp": 1677437236.3492448, "_runtime": 32.29937171936035, "_step": 0, "_wandb": {"runtime": 31}}