{"Avg. F1 Score": 8.629066792810791e-07, "_timestamp": 1677438175.635349, "_runtime": 53.6892831325531, "_step": 0, "_wandb": {"runtime": 53}}