{"Avg. F1 Score": 1.9409957949173928e-11, "_timestamp": 1677435018.026504, "_runtime": 20.809929132461548, "_step": 0, "_wandb": {"runtime": 20}}