{"Avg. F1 Score": 0.5199513935534023, "_timestamp": 1677437691.4769356, "_runtime": 40.01927971839905, "_step": 0, "_wandb": {"runtime": 39}}