{"Avg. F1 Score": 0.23006279443597757, "_timestamp": 1677438043.2618148, "_runtime": 19.627992868423462, "_step": 0, "_wandb": {"runtime": 19}}