{"Avg. F1 Score": 0.747298524464418, "_timestamp": 1677366077.8612213, "_runtime": 10.953811407089233, "_step": 0, "_wandb": {"runtime": 10}}