{"Avg. F1 Score": 0.4425470642591381, "_timestamp": 1677438712.9884875, "_runtime": 55.62827658653259, "_step": 0, "_wandb": {"runtime": 55}}