{"Avg. F1 Score": 0.44165502197477013, "_timestamp": 1677381756.4474266, "_runtime": 20.574042558670044, "_step": 0, "_wandb": {"runtime": 20}}