{"Avg. F1 Score": 0.6385853264100875, "_timestamp": 1677434944.7495346, "_runtime": 40.13842153549194, "_step": 0, "_wandb": {"runtime": 39}}