{"Avg. F1 Score": 1.067534354561574e-10, "_timestamp": 1677433612.9075973, "_runtime": 12.226583242416382, "_step": 0, "_wandb": {"runtime": 11}}