{"Avg. F1 Score": 0.3331231908590678, "_timestamp": 1677436919.2341783, "_runtime": 60.364482402801514, "_step": 0, "_wandb": {"runtime": 60}}