{"Avg. F1 Score": 0.021435913526954398, "_timestamp": 1677438484.0591762, "_runtime": 20.76219415664673, "_step": 0, "_wandb": {"runtime": 20}}