{"Avg. F1 Score": 0.626637871305991, "_timestamp": 1677434898.2876058, "_runtime": 39.894516706466675, "_step": 0, "_wandb": {"runtime": 39}}