{"Avg. F1 Score": 0.010354434531478628, "_timestamp": 1677438647.5481915, "_runtime": 10.307035446166992, "_step": 0, "_wandb": {"runtime": 9}}