{"Avg. F1 Score": 0.046021354555031584, "_timestamp": 1677438457.882435, "_runtime": 101.82669115066528, "_step": 0, "_wandb": {"runtime": 101}}