{"Avg. F1 Score": 0.21638025576458764, "_timestamp": 1677381492.5516472, "_runtime": 7.5057432651519775, "_step": 0, "_wandb": {"runtime": 7}}