{"Avg. F1 Score": 0.26576438953494996, "_timestamp": 1677439090.8695595, "_runtime": 14.809438467025757, "_step": 0, "_wandb": {"runtime": 14}}