{"Avg. F1 Score": 0.04190666898915543, "_timestamp": 1677438526.6722307, "_runtime": 18.04016375541687, "_step": 0, "_wandb": {"runtime": 17}}