{"Avg. F1 Score": 0.6559889403909839, "_timestamp": 1677436439.058987, "_runtime": 32.430367946624756, "_step": 0, "_wandb": {"runtime": 32}}