{"Avg. F1 Score": 0.0856459164514667, "_timestamp": 1677438329.8196573, "_runtime": 8.870418310165405, "_step": 0, "_wandb": {"runtime": 8}}