{"Avg. F1 Score": 0.7590133414190693, "_timestamp": 1677378631.5104573, "_runtime": 21.639105319976807, "_step": 0, "_wandb": {"runtime": 21}}