{"Avg. F1 Score": 5.779623831695481e-09, "_timestamp": 1677433147.0696306, "_runtime": 20.999934673309326, "_step": 0, "_wandb": {"runtime": 20}}