{"F1 Scores": [0.6916650886086465, 0.6057272359141853, 0.6199982764510896, 0.646925292766972, 0.707719707290015, 0.663728121086074], "Avg. F1 Score": 0.6559606203528304, "_timestamp": 1677359263.150124, "_runtime": 67.80677199363708, "_step": 0, "_wandb": {"runtime": 67}}