{"Avg. F1 Score": 1.001412210244267e-08, "_timestamp": 1677439426.450342, "_runtime": 17.44725799560547, "_step": 0, "_wandb": {"runtime": 17}}