{"Avg. F1 Score": 0.550698128791095, "_timestamp": 1677436240.4852917, "_runtime": 38.813660621643066, "_step": 0, "_wandb": {"runtime": 38}}