{"Avg. F1 Score": 5.822987384752179e-11, "_timestamp": 1677381835.7539496, "_runtime": 46.57468366622925, "_step": 0, "_wandb": {"runtime": 46}}