{"Avg. F1 Score": 0.4189641918973301, "_timestamp": 1677437498.866796, "_runtime": 38.27732610702515, "_step": 0, "_wandb": {"runtime": 37}}