{"Avg. F1 Score": 0.0012843594968106355, "_timestamp": 1677382012.7611763, "_runtime": 63.59285831451416, "_step": 0, "_wandb": {"runtime": 63}}