{"Avg. F1 Score": 0.29233035357969195, "_timestamp": 1677438501.4562664, "_runtime": 11.881667375564575, "_step": 0, "_wandb": {"runtime": 11}}