{"Avg. F1 Score": 2.9107387521245654e-11, "_timestamp": 1677381570.8897843, "_runtime": 19.58540439605713, "_step": 0, "_wandb": {"runtime": 19}}