{"Avg. F1 Score": 0.19730049021339333, "_timestamp": 1677435093.973888, "_runtime": 35.281692028045654, "_step": 0, "_wandb": {"runtime": 34}}