{"Avg. F1 Score": 0.613986642068369, "_timestamp": 1677435488.1227074, "_runtime": 32.43250846862793, "_step": 0, "_wandb": {"runtime": 32}}