{"Avg. F1 Score": 0.06287254937169004, "_timestamp": 1677438065.0921183, "_runtime": 15.357408285140991, "_step": 0, "_wandb": {"runtime": 15}}