{"Avg. F1 Score": 0.6621141009349345, "_timestamp": 1677436708.170585, "_runtime": 38.60584998130798, "_step": 0, "_wandb": {"runtime": 38}}