{"Avg. F1 Score": 0.4290570876964044, "_timestamp": 1677435637.7843757, "_runtime": 32.801658630371094, "_step": 0, "_wandb": {"runtime": 32}}