{"Avg. F1 Score": 0.6194309652971822, "_timestamp": 1677378379.0792491, "_runtime": 122.08324408531189, "_step": 0, "_wandb": {"runtime": 121}}