{"Avg. F1 Score": 0.7061612921076166, "_timestamp": 1677378741.2941258, "_runtime": 29.320725679397583, "_step": 0, "_wandb": {"runtime": 28}}