{"Avg. F1 Score": 0.23164202380297097, "_timestamp": 1677437166.4558353, "_runtime": 25.014025449752808, "_step": 0, "_wandb": {"runtime": 24}}