{"Avg. F1 Score": 0.2923674747569239, "_timestamp": 1677438902.8338456, "_runtime": 10.550806522369385, "_step": 0, "_wandb": {"runtime": 10}}