{"Avg. F1 Score": 0.6596750822687202, "_timestamp": 1677435534.723354, "_runtime": 38.91546821594238, "_step": 0, "_wandb": {"runtime": 38}}