{"Avg. F1 Score": 0.6587918187499064, "_timestamp": 1677377843.3981938, "_runtime": 12.560914754867554, "_step": 0, "_wandb": {"runtime": 12}}