{"Avg. F1 Score": 0.13915482833887585, "_timestamp": 1677435841.7392194, "_runtime": 21.198415517807007, "_step": 0, "_wandb": {"runtime": 20}}