{"Avg. F1 Score": 0.598162147601764, "_timestamp": 1677436302.6576688, "_runtime": 24.78209090232849, "_step": 0, "_wandb": {"runtime": 24}}