{"Avg. F1 Score": 0.21263291137234064, "_timestamp": 1677434736.916768, "_runtime": 53.110809087753296, "_step": 0, "_wandb": {"runtime": 52}}