{"Avg. F1 Score": 0.0002414700531207818, "_timestamp": 1677434512.838371, "_runtime": 10.085871934890747, "_step": 0, "_wandb": {"runtime": 9}}