{"Avg. F1 Score": 0.7158304980108642, "_timestamp": 1677379325.108462, "_runtime": 10.320013046264648, "_step": 0, "_wandb": {"runtime": 9}}