{"Avg. F1 Score": 0.6958502549369731, "_timestamp": 1677378771.4089592, "_runtime": 23.29534912109375, "_step": 0, "_wandb": {"runtime": 22}}