{"Avg. F1 Score": 0.07700118293702192, "_timestamp": 1677434239.5199673, "_runtime": 52.29118227958679, "_step": 0, "_wandb": {"runtime": 51}}