{"Avg. F1 Score": 0.626745005010856, "_timestamp": 1677436993.6940753, "_runtime": 38.058157444000244, "_step": 0, "_wandb": {"runtime": 37}}