{"Avg. F1 Score": 0.1290092023319328, "_timestamp": 1677434580.3525853, "_runtime": 9.928914308547974, "_step": 0, "_wandb": {"runtime": 9}}