{"Avg. F1 Score": 0.036589526621392324, "_timestamp": 1677434081.4783285, "_runtime": 8.108075380325317, "_step": 0, "_wandb": {"runtime": 7}}