{"Avg. F1 Score": 5.9632644001429195e-09, "_timestamp": 1677438314.8333235, "_runtime": 40.624568462371826, "_step": 0, "_wandb": {"runtime": 39}}