{"Avg. F1 Score": 0.18493874030094606, "_timestamp": 1677434385.6018932, "_runtime": 137.18717622756958, "_step": 0, "_wandb": {"runtime": 136}}