{
    "DFC": {
        "clouds": {
            "sc": 0.6152469298301211,
            "vi": 0.45448859430209687,
            "pri": 0.16266261701707868,
            "miou": 0.5042742395307869
        },
        "noise_0.5": {
            "sc": 0.8791562375128072,
            "vi": 0.0956705493644102,
            "pri": 0.7354146216046663,
            "miou": 0.8590805809944868
        },
        "noise_1.0": {
            "sc": 0.8145550502388927,
            "vi": 0.14619816821636056,
            "pri": 0.5895667969035673,
            "miou": 0.7819547886028886
        },
        "noise_2.0": {
            "sc": 0.7001676586663641,
            "vi": 0.2948794468352717,
            "pri": 0.34533013281388564,
            "miou": 0.6509611408691853
        },
        "noise_4.0": {
            "sc": 0.564492432335668,
            "vi": 0.16637899916668308,
            "pri": 0.02565206972505696,
            "miou": 0.49644077382981777
        },
        "noise_8.0": {
            "sc": 0.5540136045403603,
            "vi": 0.1448298137531776,
            "pri": 0.005065651098294365,
            "miou": 0.48596915253438056
        },
        "texture": {
            "sc": 0.5286040789429666,
            "vi": 0.4114232753829708,
            "pri": 0.04734621000952439,
            "miou": 0.46439076482784003
        },
        "all": {
            "sc": 0.5802453650650768,
            "vi": 0.3967275734572562,
            "pri": 0.1300062759719075,
            "miou": 0.5096815349766984
        }
    },
    "GNEMS": {
        "clouds": {
            "sc": 0.6726222257671248,
            "vi": 0.44780838585324495,
            "pri": 0.30853330065609685,
            "miou": 0.5877583000110462
        },
        "noise_0.5": {
            "sc": 0.9460470396043943,
            "vi": 0.1575720729591387,
            "pri": 0.891133500054039,
            "miou": 0.9424174046143889
        },
        "noise_1.0": {
            "sc": 0.9320957919057311,
            "vi": 0.19117327517731805,
            "pri": 0.8652258089160076,
            "miou": 0.9288099390687421
        },
        "noise_2.0": {
            "sc": 0.8621929864271656,
            "vi": 0.34712401212421123,
            "pri": 0.7306992467981793,
            "miou": 0.8568062348058447
        },
        "noise_4.0": {
            "sc": 0.7839567506868209,
            "vi": 0.4901652671513672,
            "pri": 0.5834974497663052,
            "miou": 0.7755091217113659
        },
        "noise_8.0": {
            "sc": 0.6965041871168557,
            "vi": 0.6190705292692531,
            "pri": 0.4295327518612123,
            "miou": 0.681106697767973
        },
        "texture": {
            "sc": 0.5711855315629683,
            "vi": 0.48274472191033446,
            "pri": 0.15010081052200322,
            "miou": 0.505287031022211
        },
        "all": {
            "sc": 0.649674361376639,
            "vi": 0.448633312741692,
            "pri": 0.2979069958040571,
            "miou": 0.5920851255767048
        }
    },
    "DSS": {
        "clouds": {
            "sc": 0.4915543387300986,
            "vi": 0.742182897693189,
            "pri": 0.05186411576607119,
            "miou": 0.40150134498253465
        },
        "noise_0.5": {
            "sc": 0.539853809909103,
            "vi": 0.49717152709398027,
            "pri": 0.08162214592170462,
            "miou": 0.45003456622362137
        },
        "noise_1.0": {
            "sc": 0.47823476569329004,
            "vi": 0.8413585788204218,
            "pri": 0.08835631694099452,
            "miou": 0.4070523624541238
        },
        "noise_2.0": {
            "sc": 0.4272143945350546,
            "vi": 0.9188011280613155,
            "pri": 0.04565203477450894,
            "miou": 0.3690715889679268
        },
        "noise_4.0": {
            "sc": 0.0,
            "vi": 100.0,
            "pri": 0.0,
            "miou": 0.0
        },
        "noise_8.0": {
            "sc": 0.0,
            "vi": 100.0,
            "pri": 0.0,
            "miou": 0.0
        },
        "texture": {
            "sc": 0.41539694234151686,
            "vi": 0.932026362520835,
            "pri": 0.03404866554967147,
            "miou": 0.36960589412289363
        },
        "all": {
            "sc": 0.43299191205794074,
            "vi": 0.8914126226634018,
            "pri": 0.0399324294379189,
            "miou": 0.37587812326382847
        }
    },
    "W-Net": {
        "clouds": {
            "sc": 0.5979545110662237,
            "vi": 0.3756976999843383,
            "pri": 0.30182604365461335,
            "miou": 0.4011955154273892
        },
        "noise_0.5": {
            "sc": 0.7937209315632681,
            "vi": 0.05379762055779984,
            "pri": 0.7748989453342554,
            "miou": 0.4755257217329927
        },
        "noise_1.0": {
            "sc": 0.8655017196092465,
            "vi": 0.14125440483541724,
            "pri": 0.8271284211506551,
            "miou": 0.622604112548288
        },
        "noise_2.0": {
            "sc": 0.6674103152670253,
            "vi": 0.41758640304447636,
            "pri": 0.36441408888155,
            "miou": 0.38704598051845096
        },
        "noise_4.0": {
            "sc": 0.5817032946673715,
            "vi": 0.14104903438093877,
            "pri": 0.05736927888476241,
            "miou": 0.41161833761725575
        },
        "noise_8.0": {
            "sc": 0.5661383265482229,
            "vi": 0.16125567807087327,
            "pri": 0.03624374986090467,
            "miou": 0.34257414189050905
        },
        "texture": {
            "sc": 0.5067930009823022,
            "vi": 0.5972193180199055,
            "pri": 0.08052249198212445,
            "miou": 0.388610970878896
        },
        "all": {
            "sc": 0.5571487658560311,
            "vi": 0.5169884114177062,
            "pri": 0.18156152169650736,
            "miou": 0.39081488171650564
        }
    }
}