{
    "DSS": {
        "clouds": {
            "sc": 0.4933464479893138,
            "vi": 0.7101054808507398,
            "pri": 0.05201632854745322,
            "miou": 0.4306776262880274
        },
        "noise_0.5": {
            "sc": 0.539853809909103,
            "vi": 0.49717152709398027,
            "pri": 0.08162214592170462,
            "miou": 0.48934244994902587
        },
        "noise_1.0": {
            "sc": 0.47823476569329004,
            "vi": 0.8413585788204218,
            "pri": 0.08835631694099452,
            "miou": 0.46082986898698874
        },
        "noise_2.0": {
            "sc": 0.4272143945350546,
            "vi": 0.9188011280613155,
            "pri": 0.04565203477450894,
            "miou": 0.4204491120414989
        },
        "noise_4.0": {
            "sc": 0.0,
            "vi": 100.0,
            "pri": 0.0,
            "miou": 0.0
        },
        "noise_8.0": {
            "sc": 0.0,
            "vi": 100.0,
            "pri": 0.0,
            "miou": 0.0
        },
        "texture": {
            "sc": 0.41539694234151686,
            "vi": 0.932026362520835,
            "pri": 0.03404866554967147,
            "miou": 0.40770788994092383
        },
        "all": {
            "sc": 0.43335033390978384,
            "vi": 0.8849971392949119,
            "pri": 0.03996287199419531,
            "miou": 0.41485008163045956
        }
    },
    "GNEMS": {
        "clouds": {
            "sc": 0.6726222257671248,
            "vi": 0.447808385853245,
            "pri": 0.3085333006560968,
            "miou": 0.005008301701987596
        },
        "noise_0.5": {
            "sc": 0.9460470396043943,
            "vi": 0.1575720729591387,
            "pri": 0.891133500054039,
            "miou": 0.9430695567749541
        },
        "noise_1.0": {
            "sc": 0.9320957919057311,
            "vi": 0.19117327517731805,
            "pri": 0.8652258089160076,
            "miou": 0.9291170302535116
        },
        "noise_2.0": {
            "sc": 0.8621929864271656,
            "vi": 0.34712401212421123,
            "pri": 0.7306992467981793,
            "miou": 0.8575845635270769
        },
        "noise_4.0": {
            "sc": 0.7839567506868209,
            "vi": 0.4901652671513672,
            "pri": 0.5834974497663052,
            "miou": 0.7770155055024133
        },
        "noise_8.0": {
            "sc": 0.6965041871168557,
            "vi": 0.6190705292692531,
            "pri": 0.4295327518612123,
            "miou": 0.6879002164416063
        },
        "texture": {
            "sc": 0.5711855315629683,
            "vi": 0.48274472191033446,
            "pri": 0.15010081052200322,
            "miou": 0.5338449727171279
        },
        "all": {
            "sc": 0.649674361376639,
            "vi": 0.448633312741692,
            "pri": 0.2979069958040571,
            "miou": 0.4928255566760896
        }
    },
    "W-Net": {
        "clouds": {
            "sc": 0.5999167692866877,
            "vi": 0.31818964251109727,
            "pri": 0.304020062317407,
            "miou": 0.5906128834491731
        },
        "noise_0.5": {
            "sc": 0.7937209315632681,
            "vi": 0.05379762055779984,
            "pri": 0.7748989453342554,
            "miou": 0.8399393156577638
        },
        "noise_1.0": {
            "sc": 0.8655017196092465,
            "vi": 0.14125440483541724,
            "pri": 0.8271284211506551,
            "miou": 0.8801381429335564
        },
        "noise_2.0": {
            "sc": 0.6674103152670253,
            "vi": 0.41758640304447636,
            "pri": 0.36441408888155,
            "miou": 0.6448552878287146
        },
        "noise_4.0": {
            "sc": 0.5817032946673715,
            "vi": 0.14104903438093877,
            "pri": 0.05736927888476241,
            "miou": 0.5187612646943646
        },
        "noise_8.0": {
            "sc": 0.5661383265482229,
            "vi": 0.16125567807087327,
            "pri": 0.03624374986090467,
            "miou": 0.5041511283698117
        },
        "texture": {
            "sc": 0.5067930009823022,
            "vi": 0.5972193180199055,
            "pri": 0.08052249198212445,
            "miou": 0.4912402424852354
        },
        "all": {
            "sc": 0.557541217500124,
            "vi": 0.5054867999230581,
            "pri": 0.18200032542906605,
            "miou": 0.5418377797467188
        }
    },
    "DFC": {
        "clouds": {
            "sc": 0.6173743490423682,
            "vi": 0.4432945838820229,
            "pri": 0.1625941916516517,
            "miou": 0.5309799119580652
        },
        "noise_0.5": {
            "sc": 0.8791562375128072,
            "vi": 0.0956705493644102,
            "pri": 0.7354146216046663,
            "miou": 0.8635082392685809
        },
        "noise_1.0": {
            "sc": 0.8145550502388927,
            "vi": 0.14619816821636056,
            "pri": 0.5895667969035673,
            "miou": 0.7883181280677863
        },
        "noise_2.0": {
            "sc": 0.7001676586663641,
            "vi": 0.2948794468352717,
            "pri": 0.34533013281388564,
            "miou": 0.6595935327880273
        },
        "noise_4.0": {
            "sc": 0.564492432335668,
            "vi": 0.16637899916668308,
            "pri": 0.02565206972505696,
            "miou": 0.5023727006619668
        },
        "noise_8.0": {
            "sc": 0.5540136045403603,
            "vi": 0.1448298137531776,
            "pri": 0.005065651098294365,
            "miou": 0.49211334355266667
        },
        "texture": {
            "sc": 0.5286040789429666,
            "vi": 0.4114232753829708,
            "pri": 0.04734621000952439,
            "miou": 0.4869614461406491
        },
        "all": {
            "sc": 0.5806708489075263,
            "vi": 0.39448877137324134,
            "pri": 0.12999259089882212,
            "miou": 0.5302915566336079
        }
    }
}