{"Avg. F1 Score": 0.17354825020814668, "_timestamp": 1677439044.5629852, "_runtime": 39.78450608253479, "_step": 0, "_wandb": {"runtime": 39}}