{"Avg. F1 Score": 0.6638280261380959, "_timestamp": 1677380423.6777527, "_runtime": 13.700971841812134, "_step": 0, "_wandb": {"runtime": 13}}