{"Avg. F1 Score": 0.3321809781279677, "_timestamp": 1677436060.1165314, "_runtime": 60.21165227890015, "_step": 0, "_wandb": {"runtime": 59}}