{"Avg. F1 Score": 0.1886150533092991, "_timestamp": 1677434637.0194974, "_runtime": 46.50887632369995, "_step": 0, "_wandb": {"runtime": 46}}