{"Avg. F1 Score": 0.5250799687207145, "_timestamp": 1677437285.446636, "_runtime": 40.20330786705017, "_step": 0, "_wandb": {"runtime": 39}}