{"Avg. F1 Score": 0.7088769925864401, "_timestamp": 1677379126.9491026, "_runtime": 21.064037561416626, "_step": 0, "_wandb": {"runtime": 20}}