{"Avg. F1 Score": 0.58933476991932, "_timestamp": 1677379726.3557763, "_runtime": 83.48904919624329, "_step": 0, "_wandb": {"runtime": 83}}