{"Avg. F1 Score": 0.5659493147454582, "_timestamp": 1677433490.7094305, "_runtime": 29.330432415008545, "_step": 0, "_wandb": {"runtime": 29}}