{"Avg. F1 Score": 0.7473450214860079, "_timestamp": 1677379409.7507582, "_runtime": 68.66729521751404, "_step": 0, "_wandb": {"runtime": 68}}