{"Avg. F1 Score": 1.7458200661083208e-10, "_timestamp": 1677438558.972523, "_runtime": 9.199728012084961, "_step": 0, "_wandb": {"runtime": 8}}