{"Avg. F1 Score": 0.5534516530021372, "_timestamp": 1677436158.385255, "_runtime": 45.23932218551636, "_step": 0, "_wandb": {"runtime": 43}}