{"Avg. F1 Score": 0.4492273987847937, "_timestamp": 1677437196.4775956, "_runtime": 23.88381552696228, "_step": 0, "_wandb": {"runtime": 23}}