{"Avg. F1 Score": 0.6616982450633996, "_timestamp": 1677439475.2299013, "_runtime": 10.600496292114258, "_step": 0, "_wandb": {"runtime": 10}}