{"Avg. F1 Score": 0.6551770536182392, "_timestamp": 1677438721.042727, "_runtime": 126.6498110294342, "_step": 0, "_wandb": {"runtime": 125}}