{"Avg. F1 Score": 0.6585792739289817, "_timestamp": 1677437361.4574065, "_runtime": 38.57615256309509, "_step": 0, "_wandb": {"runtime": 38}}