{"Avg. F1 Score": 3.6775069353093e-08, "_timestamp": 1677439788.541624, "_runtime": 31.145802974700928, "_step": 0, "_wandb": {"runtime": 30}}