{"Avg. F1 Score": 0.25929566696190176, "_timestamp": 1677439400.937993, "_runtime": 18.04288411140442, "_step": 0, "_wandb": {"runtime": 17}}