{"Avg. F1 Score": 0.20589620565430292, "_timestamp": 1677434055.4004617, "_runtime": 23.348607778549194, "_step": 0, "_wandb": {"runtime": 23}}