{"Avg. F1 Score": 0.6621967788641397, "_timestamp": 1677379151.4467869, "_runtime": 15.385369777679443, "_step": 0, "_wandb": {"runtime": 15}}