{"Avg. F1 Score": 1.261558440028161e-10, "_timestamp": 1677438781.6814027, "_runtime": 7.0820677280426025, "_step": 0, "_wandb": {"runtime": 6}}