{"Avg. F1 Score": 0.01327925366956398, "_timestamp": 1677438116.62517, "_runtime": 41.85136008262634, "_step": 0, "_wandb": {"runtime": 41}}