{"Avg. F1 Score": 0.4545845775216259, "_timestamp": 1677434848.7566812, "_runtime": 31.485368251800537, "_step": 0, "_wandb": {"runtime": 31}}