{"Avg. F1 Score": 0.6642271183136811, "_timestamp": 1677436557.5796244, "_runtime": 32.63165640830994, "_step": 0, "_wandb": {"runtime": 32}}