{"Avg. F1 Score": 2.7872222052854202e-08, "_timestamp": 1677439620.7297282, "_runtime": 11.768181324005127, "_step": 0, "_wandb": {"runtime": 11}}