{"Avg. F1 Score": 0.7018277430280108, "_timestamp": 1677378577.7781699, "_runtime": 29.668340921401978, "_step": 0, "_wandb": {"runtime": 28}}