{"Avg. F1 Score": 0.5842149192737663, "_timestamp": 1677378175.1257024, "_runtime": 61.249895334243774, "_step": 0, "_wandb": {"runtime": 60}}