{"Avg. F1 Score": 0.11005817940982758, "_timestamp": 1677436269.0469022, "_runtime": 21.299556255340576, "_step": 0, "_wandb": {"runtime": 20}}