{"Avg. F1 Score": 0.027306251572972753, "_timestamp": 1677437994.776635, "_runtime": 17.591715812683105, "_step": 0, "_wandb": {"runtime": 17}}