{"Avg. F1 Score": 0.669873091639753, "_timestamp": 1677379590.6108468, "_runtime": 19.60367178916931, "_step": 0, "_wandb": {"runtime": 19}}