{"Avg. F1 Score": 1.1411355629597301e-08, "_timestamp": 1677438934.1794245, "_runtime": 21.813650608062744, "_step": 0, "_wandb": {"runtime": 21}}