{"Avg. F1 Score": 0.04322465402432854, "_timestamp": 1677438629.223732, "_runtime": 8.100322008132935, "_step": 0, "_wandb": {"runtime": 7}}