{"Avg. F1 Score": 0.6665105473384553, "_timestamp": 1677378205.2336202, "_runtime": 20.482420206069946, "_step": 0, "_wandb": {"runtime": 20}}