{"Avg. F1 Score": 7.85443874659694e-10, "_timestamp": 1677441605.0493338, "_runtime": 7.926648855209351, "_step": 0, "_wandb": {"runtime": 7}}