{"Avg. F1 Score": 0.6474820117775693, "_timestamp": 1677435729.6156464, "_runtime": 32.344645261764526, "_step": 0, "_wandb": {"runtime": 32}}