{"Avg. F1 Score": 0.6555211047211528, "_timestamp": 1677378917.4009814, "_runtime": 56.25951433181763, "_step": 0, "_wandb": {"runtime": 55}}