{"Avg. F1 Score": 0.6799500249950382, "_timestamp": 1677378651.076695, "_runtime": 44.3016300201416, "_step": 0, "_wandb": {"runtime": 43}}