{"Avg. F1 Score": 0.11960718406120346, "_timestamp": 1677435934.4966917, "_runtime": 31.82820773124695, "_step": 0, "_wandb": {"runtime": 31}}