{"Avg. F1 Score": 0.0006855761210578462, "_timestamp": 1677441619.6154537, "_runtime": 7.168952703475952, "_step": 0, "_wandb": {"runtime": 6}}