{"Avg. F1 Score": 0.6319484843609682, "_timestamp": 1677379306.729252, "_runtime": 17.4148690700531, "_step": 0, "_wandb": {"runtime": 17}}